Date,Time,Appliances,Temperature,Humidity
2016-01-11,00:00:00,12,22.2,43.4
2016-01-11,00:10:00,55.4,21.8,45.6
2016-01-11,00:20:00,70.9,22.1,45.1
2016-01-11,00:30:00,50.3,21.9,44.0
2016-01-11,00:40:00,54.1,21.7,43.2
2016-01-11,00:50:00,27.5,22.1,45.2
2016-01-11,01:00:00,29.2,21.7,42.8
2016-01-11,01:10:00,34.0,21.7,45.1
2016-01-11,01:20:00,38.5,21.5,46.9
2016-01-11,01:30:00,26.4,21.6,45.2
2016-01-11,01:40:00,68.0,21.6,47.0
2016-01-11,01:50:00,51.1,21.8,46.8
2016-01-11,02:00:00,16.7,21.6,45.2
2016-01-11,02:10:00,26.8,21.3,48.7
2016-01-11,02:20:00,49.1,21.2,46.3
2016-01-11,02:30:00,81.5,21.1,46.6
2016-01-11,02:40:00,61.4,21.2,45.5
2016-01-11,02:50:00,41.6,21.2,45.8
2016-01-11,03:00:00,67.7,21.0,46.9
2016-01-11,03:10:00,52.4,21.0,47.2
2016-01-11,03:20:00,27.4,21.1,47.7
2016-01-11,03:30:00,65.8,21.1,47.5
2016-01-11,03:40:00,67.6,20.9,44.7
2016-01-11,03:50:00,75.3,20.8,45.8
2016-01-11,04:00:00,55.6,20.9,49.5
2016-01-11,04:10:00,18.4,20.7,49.4
2016-01-11,04:20:00,62.6,20.7,48.2
2016-01-11,04:30:00,37.8,20.6,49.0
2016-01-11,04:40:00,63.5,20.4,46.3
2016-01-11,04:50:00,28.9,20.5,50.9
2016-01-11,05:00:00,60.1,20.7,47.7
2016-01-11,05:10:00,97.8,20.6,48.9
2016-01-11,05:20:00,25.2,20.5,49.5
2016-01-11,05:30:00,27.5,20.3,48.2
2016-01-11,05:40:00,60.1,20.1,49.7
2016-01-11,05:50:00,72.9,20.4,51.9
2016-01-11,06:00:00,109.4,20.2,51.2
2016-01-11,06:10:00,84.4,20.3,50.3
2016-01-11,06:20:00,107.8,20.1,50.7
2016-01-11,06:30:00,106.0,20.3,50.8
2016-01-11,06:40:00,71.8,20.2,50.2
2016-01-11,06:50:00,101.1,20.2,52.2
2016-01-11,07:00:00,90.4,19.9,53.0
2016-01-11,07:10:00,83.7,20.0,52.9
2016-01-11,07:20:00,85.0,19.9,51.3
2016-01-11,07:30:00,136.7,20.0,50.4
2016-01-11,07:40:00,90.5,19.8,50.7
2016-01-11,07:50:00,113.7,19.9,51.9
2016-01-11,08:00:00,103.3,20.1,51.2
2016-01-11,08:10:00,121.4,19.8,51.3
2016-01-11,08:20:00,85.6,19.9,52.6
2016-01-11,08:30:00,74.2,19.7,50.7
2016-01-11,08:40:00,103.9,20.0,50.7
2016-01-11,08:50:00,86.9,20.2,52.1
2016-01-11,09:00:00,66.0,20.3,53.9
2016-01-11,09:10:00,71.6,20.3,50.7
2016-01-11,09:20:00,62.7,19.8,53.6
2016-01-11,09:30:00,66.6,19.7,51.8
2016-01-11,09:40:00,19.8,19.8,54.5
2016-01-11,09:50:00,67.8,19.8,51.4
2016-01-11,10:00:00,38.5,20.1,54.3
2016-01-11,10:10:00,70.2,20.0,52.7
2016-01-11,10:20:00,89.0,19.9,53.7
2016-01-11,10:30:00,38.1,19.8,52.0
2016-01-11,10:40:00,46.9,20.2,52.3
2016-01-11,10:50:00,38.9,20.0,51.0
2016-01-11,11:00:00,53.7,19.9,50.9
2016-01-11,11:10:00,50.2,20.1,51.8
2016-01-11,11:20:00,59.5,20.2,52.7
2016-01-11,11:30:00,257.6,20.0,51.7
2016-01-11,11:40:00,70.2,20.4,51.4
2016-01-11,11:50:00,64.5,20.3,52.6
2016-01-11,12:00:00,84.3,20.2,51.4
2016-01-11,12:10:00,72.3,20.3,51.0
2016-01-11,12:20:00,46.4,20.3,48.8
2016-01-11,12:30:00,19.2,20.3,47.5
2016-01-11,12:40:00,248.7,20.3,47.4
2016-01-11,12:50:00,73.1,20.7,50.5
2016-01-11,13:00:00,63.5,20.5,51.3
2016-01-11,13:10:00,50.6,20.6,47.7
2016-01-11,13:20:00,67.1,20.4,47.6
2016-01-11,13:30:00,46.8,20.8,49.3
2016-01-11,13:40:00,66.3,20.9,48.9
2016-01-11,13:50:00,53.0,20.7,48.6
2016-01-11,14:00:00,65.1,20.7,48.2
2016-01-11,14:10:00,55.1,21.1,49.8
2016-01-11,14:20:00,29.5,21.0,47.9
2016-01-11,14:30:00,76.5,20.9,47.9
2016-01-11,14:40:00,41.9,21.0,49.1
2016-01-11,14:50:00,71.7,21.1,44.3
2016-01-11,15:00:00,86.6,21.3,45.6
2016-01-11,15:10:00,52.9,21.1,48.8
2016-01-11,15:20:00,43.7,21.0,46.4
2016-01-11,15:30:00,55.6,21.5,45.1
2016-01-11,15:40:00,77.2,21.4,46.9
2016-01-11,15:50:00,59.6,21.5,45.0
2016-01-11,16:00:00,86.6,21.4,47.7
2016-01-11,16:10:00,85.0,21.8,43.7
2016-01-11,16:20:00,74.2,21.8,45.5
2016-01-11,16:30:00,95.1,21.7,46.6
2016-01-11,16:40:00,94.3,21.7,45.1
2016-01-11,16:50:00,60.4,21.3,44.8
2016-01-11,17:00:00,73.3,21.8,46.8
2016-01-11,17:10:00,88.5,22.2,45.9
2016-01-11,17:20:00,96.9,22.0,44.8
2016-01-11,17:30:00,65.5,21.6,44.8
2016-01-11,17:40:00,124.6,21.9,46.7
2016-01-11,17:50:00,102.8,21.9,43.0
2016-01-11,18:00:00,101.7,22.3,44.8
2016-01-11,18:10:00,116.2,22.3,42.1
2016-01-11,18:20:00,120.2,22.0,43.8
2016-01-11,18:30:00,144.6,22.0,46.3
2016-01-11,18:40:00,140.7,22.3,41.4
2016-01-11,18:50:00,109.0,22.3,41.6
2016-01-11,19:00:00,121.6,22.1,41.9
2016-01-11,19:10:00,161.2,22.0,42.1
2016-01-11,19:20:00,144.3,22.4,42.4
2016-01-11,19:30:00,127.0,22.3,42.3
2016-01-11,19:40:00,156.5,22.5,42.6
2016-01-11,19:50:00,123.1,22.4,41.8
2016-01-11,20:00:00,126.8,22.7,44.7
2016-01-11,20:10:00,168.9,22.5,42.8
2016-01-11,20:20:00,132.2,22.3,44.0
2016-01-11,20:30:00,88.4,22.3,42.0
2016-01-11,20:40:00,97.5,22.0,40.9
2016-01-11,20:50:00,101.4,22.5,40.7
2016-01-11,21:00:00,99.9,22.1,42.0
2016-01-11,21:10:00,98.0,22.1,42.4
2016-01-11,21:20:00,66.2,22.6,42.7
2016-01-11,21:30:00,92.3,22.5,41.7
2016-01-11,21:40:00,82.3,22.4,41.6
2016-01-11,21:50:00,65.6,22.5,41.7
2016-01-11,22:00:00,71.5,22.4,42.0
2016-01-11,22:10:00,24.6,22.1,43.8
2016-01-11,22:20:00,60.7,22.5,42.4
2016-01-11,22:30:00,66.9,22.4,40.0
2016-01-11,22:40:00,73.2,22.4,41.6
2016-01-11,22:50:00,34.1,22.2,42.8
2016-01-11,23:00:00,37.9,22.4,41.1
2016-01-11,23:10:00,63.5,22.2,44.1
2016-01-11,23:20:00,33.1,22.1,42.4
2016-01-11,23:30:00,12,22.3,42.8
2016-01-11,23:40:00,12,21.9,43.2
2016-01-11,23:50:00,36.4,21.9,42.8
2016-01-12,00:00:00,15.7,22.1,42.1
2016-01-12,00:10:00,62.6,22.3,42.7
2016-01-12,00:20:00,52.6,22.1,43.0
2016-01-12,00:30:00,69.7,22.2,41.4
2016-01-12,00:40:00,77.6,22.1,42.6
2016-01-12,00:50:00,44.0,22.0,42.8
2016-01-12,01:00:00,54.5,22.2,45.0
2016-01-12,01:10:00,52.7,22.0,44.1
2016-01-12,01:20:00,30.2,21.9,42.3
2016-01-12,01:30:00,48.7,22.0,46.9
2016-01-12,01:40:00,54.5,21.9,46.1
2016-01-12,01:50:00,31.5,21.7,44.0
2016-01-12,02:00:00,63.2,21.8,47.2
2016-01-12,02:10:00,30.9,21.9,45.4
2016-01-12,02:20:00,39.0,21.5,45.5
2016-01-12,02:30:00,85.1,21.4,45.9
2016-01-12,02:40:00,248.5,21.6,48.5
2016-01-12,02:50:00,21.4,21.4,50.2
2016-01-12,03:00:00,34.3,21.3,48.2
2016-01-12,03:10:00,68.3,21.4,45.0
2016-01-12,03:20:00,58.8,21.3,47.3
2016-01-12,03:30:00,50.6,21.2,46.6
2016-01-12,03:40:00,52.9,21.0,49.1
2016-01-12,03:50:00,56.5,20.9,48.5
2016-01-12,04:00:00,65.9,20.9,49.1
2016-01-12,04:10:00,38.4,20.7,47.5
2016-01-12,04:20:00,40.8,20.7,48.3
2016-01-12,04:30:00,56.2,20.9,49.3
2016-01-12,04:40:00,61.0,20.7,47.2
2016-01-12,04:50:00,48.5,20.8,48.8
2016-01-12,05:00:00,47.9,20.5,50.1
2016-01-12,05:10:00,67.6,20.5,48.7
2016-01-12,05:20:00,39.1,20.2,50.3
2016-01-12,05:30:00,44.5,20.5,50.5
2016-01-12,05:40:00,54.0,20.4,51.7
2016-01-12,05:50:00,79.8,20.4,48.9
2016-01-12,06:00:00,47.7,20.3,50.5
2016-01-12,06:10:00,61.7,20.4,50.6
2016-01-12,06:20:00,84.0,20.5,48.6
2016-01-12,06:30:00,91.3,20.3,51.7
2016-01-12,06:40:00,81.6,20.1,49.1
2016-01-12,06:50:00,107.4,20.1,49.6
2016-01-12,07:00:00,96.0,20.4,52.3
2016-01-12,07:10:00,123.2,20.1,54.5
2016-01-12,07:20:00,127.1,20.1,51.9
2016-01-12,07:30:00,116.1,20.4,52.6
2016-01-12,07:40:00,106.5,20.3,52.4
2016-01-12,07:50:00,128.6,20.3,52.2
2016-01-12,08:00:00,49.8,20.4,53.3
2016-01-12,08:10:00,95.7,20.2,51.1
2016-01-12,08:20:00,91.9,20.1,51.6
2016-01-12,08:30:00,82.3,20.1,51.4
2016-01-12,08:40:00,114.0,20.3,53.5
2016-01-12,08:50:00,123.0,20.2,52.7
2016-01-12,09:00:00,61.5,20.2,52.5
2016-01-12,09:10:00,64.0,20.1,52.6
2016-01-12,09:20:00,28.7,20.1,48.8
2016-01-12,09:30:00,66.9,20.1,53.5
2016-01-12,09:40:00,88.2,19.9,52.7
2016-01-12,09:50:00,24.2,20.2,51.5
2016-01-12,10:00:00,28.5,20.2,51.3
2016-01-12,10:10:00,82.1,20.2,51.8
2016-01-12,10:20:00,83.7,20.0,50.5
2016-01-12,10:30:00,41.3,20.1,53.3
2016-01-12,10:40:00,73.0,20.3,50.6
2016-01-12,10:50:00,46.0,20.1,52.3
2016-01-12,11:00:00,67.7,20.2,50.8
2016-01-12,11:10:00,30.1,20.3,50.4
2016-01-12,11:20:00,89.3,20.2,49.8
2016-01-12,11:30:00,81.2,20.4,50.7
2016-01-12,11:40:00,45.9,20.6,50.7
2016-01-12,11:50:00,43.2,20.6,51.4
2016-01-12,12:00:00,55.3,20.6,51.9
2016-01-12,12:10:00,61.6,20.3,51.3
2016-01-12,12:20:00,65.9,20.3,50.4
2016-01-12,12:30:00,72.5,20.5,48.6
2016-01-12,12:40:00,100.6,20.7,51.0
2016-01-12,12:50:00,56.5,20.5,52.4
2016-01-12,13:00:00,91.4,20.3,51.0
2016-01-12,13:10:00,52.2,20.8,49.9
2016-01-12,13:20:00,69.0,20.9,49.2
2016-01-12,13:30:00,44.0,21.3,49.9
2016-01-12,13:40:00,58.9,20.9,48.1
2016-01-12,13:50:00,39.4,20.9,49.3
2016-01-12,14:00:00,71.6,20.7,47.5
2016-01-12,14:10:00,82.3,21.0,48.3
2016-01-12,14:20:00,59.9,21.0,45.4
2016-01-12,14:30:00,70.5,21.2,46.7
2016-01-12,14:40:00,74.5,21.1,46.2
2016-01-12,14:50:00,51.1,21.4,46.6
2016-01-12,15:00:00,26.6,21.3,46.2
2016-01-12,15:10:00,73.1,21.3,46.1
2016-01-12,15:20:00,54.5,21.4,49.7
2016-01-12,15:30:00,48.0,21.4,45.9
2016-01-12,15:40:00,406.3,21.5,45.4
2016-01-12,15:50:00,39.2,21.7,46.0
2016-01-12,16:00:00,50.6,22.0,45.9
2016-01-12,16:10:00,66.0,21.6,44.8
2016-01-12,16:20:00,60.9,21.4,44.3
2016-01-12,16:30:00,54.8,21.7,45.5
2016-01-12,16:40:00,65.1,21.9,45.1
2016-01-12,16:50:00,40.2,21.8,44.0
2016-01-12,17:00:00,83.8,21.9,44.4
2016-01-12,17:10:00,66.6,21.8,46.1
2016-01-12,17:20:00,56.0,22.2,43.6
2016-01-12,17:30:00,68.7,22.3,43.4
2016-01-12,17:40:00,53.9,22.1,42.9
2016-01-12,17:50:00,97.5,22.0,42.6
2016-01-12,18:00:00,82.4,22.4,40.4
2016-01-12,18:10:00,137.5,22.4,43.8
2016-01-12,18:20:00,114.3,22.3,44.3
2016-01-12,18:30:00,119.8,22.2,42.5
2016-01-12,18:40:00,95.6,22.5,41.3
2016-01-12,18:50:00,133.5,22.5,41.9
2016-01-12,19:00:00,163.3,22.7,44.3
2016-01-12,19:10:00,131.0,22.4,40.4
2016-01-12,19:20:00,153.0,22.3,42.5
2016-01-12,19:30:00,96.4,22.5,43.9
2016-01-12,19:40:00,107.3,22.2,42.1
2016-01-12,19:50:00,141.7,22.4,41.5
2016-01-12,20:00:00,126.1,22.3,42.4
2016-01-12,20:10:00,104.8,22.2,40.3
2016-01-12,20:20:00,150.2,22.6,41.4
2016-01-12,20:30:00,306.2,22.2,42.6
2016-01-12,20:40:00,98.4,22.7,41.8
2016-01-12,20:50:00,105.9,22.9,44.8
2016-01-12,21:00:00,93.8,22.3,42.0
2016-01-12,21:10:00,99.1,22.7,44.4
2016-01-12,21:20:00,74.9,22.5,42.5
2016-01-12,21:30:00,66.2,22.8,40.0
2016-01-12,21:40:00,70.2,22.6,42.6
2016-01-12,21:50:00,61.3,22.4,43.2
2016-01-12,22:00:00,43.4,22.5,43.0
2016-01-12,22:10:00,80.8,22.7,45.1
2016-01-12,22:20:00,28.1,22.5,43.1
2016-01-12,22:30:00,78.8,22.4,44.1
2016-01-12,22:40:00,51.9,22.2,43.7
2016-01-12,22:50:00,49.5,22.4,43.5
2016-01-12,23:00:00,77.5,22.5,41.0
2016-01-12,23:10:00,54.5,22.3,40.7
2016-01-12,23:20:00,23.3,22.4,41.5
2016-01-12,23:30:00,36.9,22.7,44.6
2016-01-12,23:40:00,66.0,22.1,43.0
2016-01-12,23:50:00,12,22.1,43.4
2016-01-13,00:00:00,57.3,22.2,43.7
2016-01-13,00:10:00,32.8,22.5,45.4
2016-01-13,00:20:00,95.2,22.1,45.6
2016-01-13,00:30:00,76.4,22.0,42.9
2016-01-13,00:40:00,70.1,21.9,44.2
2016-01-13,00:50:00,22.2,22.3,44.9
2016-01-13,01:00:00,72.4,22.3,44.9
2016-01-13,01:10:00,35.7,21.9,47.6
2016-01-13,01:20:00,64.1,21.9,42.5
2016-01-13,01:30:00,81.0,21.6,46.7
2016-01-13,01:40:00,18.8,21.6,44.6
2016-01-13,01:50:00,19.3,21.7,46.5
2016-01-13,02:00:00,51.3,21.7,47.1
2016-01-13,02:10:00,101.7,21.6,44.7
2016-01-13,02:20:00,47.1,21.9,45.7
2016-01-13,02:30:00,48.5,21.6,52.2
2016-01-13,02:40:00,44.8,21.4,46.5
2016-01-13,02:50:00,30.8,21.8,47.0
2016-01-13,03:00:00,12,21.7,49.2
2016-01-13,03:10:00,28.1,21.1,48.2
2016-01-13,03:20:00,41.9,20.9,46.8
2016-01-13,03:30:00,12,21.2,47.9
2016-01-13,03:40:00,58.9,21.2,49.2
2016-01-13,03:50:00,12,21.2,50.1
2016-01-13,04:00:00,52.2,21.2,48.4
2016-01-13,04:10:00,38.9,20.8,50.2
2016-01-13,04:20:00,19.0,21.1,49.2
2016-01-13,04:30:00,55.3,20.8,46.9
2016-01-13,04:40:00,51.4,21.1,51.2
2016-01-13,04:50:00,39.3,21.2,47.6
2016-01-13,05:00:00,44.8,20.5,48.1
2016-01-13,05:10:00,27.0,20.5,51.0
2016-01-13,05:20:00,50.1,20.6,49.9
2016-01-13,05:30:00,74.9,20.5,52.1
2016-01-13,05:40:00,73.7,20.4,48.7
2016-01-13,05:50:00,64.0,21.0,52.2
2016-01-13,06:00:00,94.0,20.6,47.4
2016-01-13,06:10:00,105.4,20.4,51.7
2016-01-13,06:20:00,65.1,20.4,52.0
2016-01-13,06:30:00,57.2,20.8,52.0
2016-01-13,06:40:00,108.2,20.3,52.3
2016-01-13,06:50:00,435.8,20.4,52.6
2016-01-13,07:00:00,93.7,20.3,49.4
2016-01-13,07:10:00,207.5,20.2,55.2
2016-01-13,07:20:00,106.1,20.5,51.1
2016-01-13,07:30:00,113.4,19.9,52.9
2016-01-13,07:40:00,97.0,19.9,51.6
2016-01-13,07:50:00,119.8,20.1,50.7
2016-01-13,08:00:00,107.6,20.1,52.8
2016-01-13,08:10:00,58.2,20.0,54.4
2016-01-13,08:20:00,118.9,20.1,51.7
2016-01-13,08:30:00,94.6,20.2,51.6
2016-01-13,08:40:00,87.6,20.1,51.0
2016-01-13,08:50:00,75.4,20.1,51.8
2016-01-13,09:00:00,105.3,20.3,52.4
2016-01-13,09:10:00,71.2,19.8,48.6
2016-01-13,09:20:00,72.9,19.9,51.4
2016-01-13,09:30:00,66.4,20.0,52.0
2016-01-13,09:40:00,87.1,19.9,52.7
2016-01-13,09:50:00,62.1,20.1,54.2
2016-01-13,10:00:00,50.8,20.1,51.4
2016-01-13,10:10:00,57.6,20.4,51.8
2016-01-13,10:20:00,38.4,20.3,49.3
2016-01-13,10:30:00,29.7,20.1,50.4
2016-01-13,10:40:00,44.6,20.5,53.8
2016-01-13,10:50:00,37.7,20.5,51.6
2016-01-13,11:00:00,48.6,20.3,51.8
2016-01-13,11:10:00,113.5,20.5,50.9
2016-01-13,11:20:00,391.1,20.1,48.6
2016-01-13,11:30:00,55.1,20.5,51.3
2016-01-13,11:40:00,44.4,20.4,51.8
2016-01-13,11:50:00,74.0,20.9,52.1
2016-01-13,12:00:00,41.5,20.5,48.0
2016-01-13,12:10:00,46.0,20.8,51.2
2016-01-13,12:20:00,82.6,20.8,50.0
2016-01-13,12:30:00,55.9,20.5,48.6
2016-01-13,12:40:00,93.8,20.4,48.6
2016-01-13,12:50:00,61.5,20.6,51.0
2016-01-13,13:00:00,39.5,20.8,48.8
2016-01-13,13:10:00,83.4,20.6,50.2
2016-01-13,13:20:00,71.7,20.8,49.4
2016-01-13,13:30:00,68.5,20.8,48.0
2016-01-13,13:40:00,54.7,20.8,47.9
2016-01-13,13:50:00,68.9,21.3,49.2
2016-01-13,14:00:00,199.7,21.1,48.6
2016-01-13,14:10:00,30.6,21.3,48.7
2016-01-13,14:20:00,94.9,21.3,47.3
2016-01-13,14:30:00,46.6,21.2,45.7
2016-01-13,14:40:00,80.6,21.2,47.8
2016-01-13,14:50:00,51.4,21.3,48.1
2016-01-13,15:00:00,45.7,21.2,48.8
2016-01-13,15:10:00,66.7,21.6,45.9
2016-01-13,15:20:00,67.8,21.4,47.2
2016-01-13,15:30:00,81.7,21.4,45.2
2016-01-13,15:40:00,87.4,21.4,47.9
2016-01-13,15:50:00,39.8,21.5,47.7
2016-01-13,16:00:00,57.0,21.9,46.0
2016-01-13,16:10:00,86.7,21.7,45.6
2016-01-13,16:20:00,121.5,22.0,43.9
2016-01-13,16:30:00,54.8,21.8,44.3
2016-01-13,16:40:00,78.5,21.8,44.5
2016-01-13,16:50:00,67.3,22.0,42.5
2016-01-13,17:00:00,44.4,21.9,41.3
2016-01-13,17:10:00,66.3,21.9,44.3
2016-01-13,17:20:00,39.0,22.0,43.7
2016-01-13,17:30:00,87.3,22.4,42.4
2016-01-13,17:40:00,85.0,22.1,42.7
2016-01-13,17:50:00,111.6,22.3,43.3
2016-01-13,18:00:00,109.5,22.1,43.4
2016-01-13,18:10:00,106.1,22.3,41.9
2016-01-13,18:20:00,106.7,22.1,41.5
2016-01-13,18:30:00,128.2,22.3,42.0
2016-01-13,18:40:00,107.5,22.5,38.3
2016-01-13,18:50:00,104.6,22.3,39.2
2016-01-13,19:00:00,144.8,22.3,43.8
2016-01-13,19:10:00,135.4,22.2,39.3
2016-01-13,19:20:00,134.6,22.3,43.2
2016-01-13,19:30:00,142.5,22.5,43.6
2016-01-13,19:40:00,115.4,22.2,41.4
2016-01-13,19:50:00,145.7,22.4,41.9
2016-01-13,20:00:00,155.4,23.0,42.4
2016-01-13,20:10:00,112.6,22.5,42.3
2016-01-13,20:20:00,115.6,22.9,42.2
2016-01-13,20:30:00,257.5,22.4,41.4
2016-01-13,20:40:00,104.6,22.6,43.9
2016-01-13,20:50:00,93.4,22.8,40.4
2016-01-13,21:00:00,86.1,22.5,42.3
2016-01-13,21:10:00,53.8,22.6,43.4
2016-01-13,21:20:00,74.4,22.6,40.0
2016-01-13,21:30:00,61.8,22.6,40.5
2016-01-13,21:40:00,75.1,23.0,39.3
2016-01-13,21:50:00,74.4,22.7,40.0
2016-01-13,22:00:00,67.9,22.6,42.0
2016-01-13,22:10:00,62.4,22.2,43.6
2016-01-13,22:20:00,54.8,22.6,38.9
2016-01-13,22:30:00,72.5,22.7,42.9
2016-01-13,22:40:00,65.7,22.7,41.4
2016-01-13,22:50:00,51.6,22.5,40.2
2016-01-13,23:00:00,51.3,22.6,42.4
2016-01-13,23:10:00,71.0,22.7,44.6
2016-01-13,23:20:00,75.0,22.4,42.3
2016-01-13,23:30:00,61.0,22.3,43.7
2016-01-13,23:40:00,60.5,21.9,43.1
2016-01-13,23:50:00,51.9,22.6,44.7
2016-01-14,00:00:00,31.3,21.9,44.5
2016-01-14,00:10:00,12,22.4,43.7
2016-01-14,00:20:00,99.1,22.3,41.7
2016-01-14,00:30:00,52.9,21.9,42.8
2016-01-14,00:40:00,53.8,22.0,45.7
2016-01-14,00:50:00,71.0,21.9,43.6
2016-01-14,01:00:00,36.9,22.1,44.7
2016-01-14,01:10:00,68.9,21.9,43.3
2016-01-14,01:20:00,43.6,21.9,45.8
2016-01-14,01:30:00,214.4,21.6,45.7
2016-01-14,01:40:00,51.2,21.5,43.5
2016-01-14,01:50:00,29.7,21.8,43.0
2016-01-14,02:00:00,32.3,21.5,43.8
2016-01-14,02:10:00,69.9,21.5,45.4
2016-01-14,02:20:00,61.2,21.6,48.5
2016-01-14,02:30:00,37.3,21.4,46.3
2016-01-14,02:40:00,31.4,21.2,45.1
2016-01-14,02:50:00,35.7,21.3,47.6
2016-01-14,03:00:00,44.0,21.5,49.3
2016-01-14,03:10:00,83.9,21.3,48.1
2016-01-14,03:20:00,83.8,21.3,44.0
2016-01-14,03:30:00,81.0,20.9,47.9
2016-01-14,03:40:00,52.1,21.2,47.9
2016-01-14,03:50:00,48.7,21.4,48.5
2016-01-14,04:00:00,56.4,20.8,47.6
2016-01-14,04:10:00,28.1,20.8,51.2
2016-01-14,04:20:00,38.4,21.0,46.8
2016-01-14,04:30:00,56.9,20.8,47.1
2016-01-14,04:40:00,64.7,20.8,48.5
2016-01-14,04:50:00,93.4,20.7,49.6
2016-01-14,05:00:00,70.3,20.6,50.1
2016-01-14,05:10:00,75.8,20.9,47.6
2016-01-14,05:20:00,31.6,20.7,49.9
2016-01-14,05:30:00,71.9,20.6,50.2
2016-01-14,05:40:00,43.7,20.4,48.2
2016-01-14,05:50:00,87.8,20.8,50.7
2016-01-14,06:00:00,20.2,20.5,51.6
2016-01-14,06:10:00,67.5,20.3,52.0
2016-01-14,06:20:00,96.5,20.5,48.4
2016-01-14,06:30:00,83.1,20.7,50.8
2016-01-14,06:40:00,107.0,20.1,49.9
2016-01-14,06:50:00,120.6,20.2,50.7
2016-01-14,07:00:00,116.7,20.2,53.4
2016-01-14,07:10:00,92.3,20.4,51.8
2016-01-14,07:20:00,104.8,20.3,51.1
2016-01-14,07:30:00,95.1,20.2,49.2
2016-01-14,07:40:00,99.6,20.0,52.6
2016-01-14,07:50:00,124.6,20.0,51.3
2016-01-14,08:00:00,126.0,19.9,52.0
2016-01-14,08:10:00,97.7,19.9,50.5
2016-01-14,08:20:00,79.7,20.0,53.3
2016-01-14,08:30:00,57.5,20.2,52.8
2016-01-14,08:40:00,40.8,20.0,51.1
2016-01-14,08:50:00,78.0,20.0,50.3
2016-01-14,09:00:00,90.9,20.2,52.0
2016-01-14,09:10:00,78.5,19.9,50.8
2016-01-14,09:20:00,63.8,20.1,51.4
2016-01-14,09:30:00,17.0,19.8,52.7
2016-01-14,09:40:00,98.2,20.3,51.3
2016-01-14,09:50:00,72.0,20.3,50.4
2016-01-14,10:00:00,47.4,19.9,52.6
2016-01-14,10:10:00,104.1,20.1,49.0
2016-01-14,10:20:00,37.5,20.1,50.8
2016-01-14,10:30:00,52.0,20.2,52.6
2016-01-14,10:40:00,87.2,20.2,49.3
2016-01-14,10:50:00,95.1,20.2,51.0
2016-01-14,11:00:00,35.5,20.2,50.0
2016-01-14,11:10:00,42.8,20.2,49.7
2016-01-14,11:20:00,67.6,20.1,49.0
2016-01-14,11:30:00,53.1,20.2,51.7
2016-01-14,11:40:00,46.9,20.1,48.4
2016-01-14,11:50:00,75.1,20.2,51.8
2016-01-14,12:00:00,72.0,20.7,51.6
2016-01-14,12:10:00,319.6,20.2,49.2
2016-01-14,12:20:00,78.4,20.6,50.0
2016-01-14,12:30:00,58.0,20.3,47.3
2016-01-14,12:40:00,61.3,20.7,53.4
2016-01-14,12:50:00,61.2,20.5,48.5
2016-01-14,13:00:00,69.3,20.8,47.6
2016-01-14,13:10:00,81.0,20.7,52.2
2016-01-14,13:20:00,41.4,20.8,51.9
2016-01-14,13:30:00,65.5,20.7,49.6
2016-01-14,13:40:00,63.2,20.7,47.8
2016-01-14,13:50:00,65.2,20.9,49.3
2016-01-14,14:00:00,68.1,21.0,46.7
2016-01-14,14:10:00,78.4,21.0,46.6
2016-01-14,14:20:00,41.3,21.2,47.9
2016-01-14,14:30:00,51.7,21.3,45.1
2016-01-14,14:40:00,75.5,21.1,49.0
2016-01-14,14:50:00,83.3,21.0,47.9
2016-01-14,15:00:00,32.0,21.4,45.1
2016-01-14,15:10:00,29.8,21.5,47.0
2016-01-14,15:20:00,36.7,21.7,49.1
2016-01-14,15:30:00,21.2,21.6,46.1
2016-01-14,15:40:00,62.8,21.4,48.3
2016-01-14,15:50:00,73.9,21.4,45.0
2016-01-14,16:00:00,98.7,21.5,45.6
2016-01-14,16:10:00,40.1,21.8,44.5
2016-01-14,16:20:00,72.8,21.6,43.3
2016-01-14,16:30:00,48.0,21.9,45.4
2016-01-14,16:40:00,75.5,22.2,44.0
2016-01-14,16:50:00,93.6,21.9,44.4
2016-01-14,17:00:00,62.4,22.3,44.9
2016-01-14,17:10:00,73.7,22.0,44.0
2016-01-14,17:20:00,46.0,22.3,43.6
2016-01-14,17:30:00,83.1,21.8,44.4
2016-01-14,17:40:00,126.7,22.0,42.2
2016-01-14,17:50:00,85.1,22.2,42.6
2016-01-14,18:00:00,80.1,22.0,42.1
2016-01-14,18:10:00,105.6,22.3,43.1
2016-01-14,18:20:00,99.1,22.1,45.7
2016-01-14,18:30:00,104.4,22.0,43.2
2016-01-14,18:40:00,459.6,22.5,40.8
2016-01-14,18:50:00,158.6,22.4,43.3
2016-01-14,19:00:00,92.3,22.1,40.1
2016-01-14,19:10:00,153.4,22.2,42.6
2016-01-14,19:20:00,122.7,22.5,43.2
2016-01-14,19:30:00,98.8,22.4,42.0
2016-01-14,19:40:00,154.1,22.4,43.7
2016-01-14,19:50:00,105.6,22.4,42.4
2016-01-14,20:00:00,131.0,22.4,44.3
2016-01-14,20:10:00,108.1,22.7,41.9
2016-01-14,20:20:00,157.8,22.8,43.2
2016-01-14,20:30:00,81.4,22.3,39.6
2016-01-14,20:40:00,95.9,22.1,42.8
2016-01-14,20:50:00,114.4,22.5,42.7
2016-01-14,21:00:00,73.6,22.6,43.0
2016-01-14,21:10:00,103.5,22.3,43.6
2016-01-14,21:20:00,76.4,22.5,41.6
2016-01-14,21:30:00,106.0,22.4,41.8
2016-01-14,21:40:00,84.7,22.5,43.1
2016-01-14,21:50:00,103.5,22.6,42.8
2016-01-14,22:00:00,51.0,22.9,43.0
2016-01-14,22:10:00,72.3,22.6,41.6
2016-01-14,22:20:00,81.9,22.4,41.9
2016-01-14,22:30:00,71.2,22.3,45.6
2016-01-14,22:40:00,45.1,22.6,43.6
2016-01-14,22:50:00,68.1,22.2,44.7
2016-01-14,23:00:00,21.7,22.5,43.5
2016-01-14,23:10:00,66.6,22.3,43.1
2016-01-14,23:20:00,61.2,21.9,43.7
2016-01-14,23:30:00,37.1,22.2,41.8
2016-01-14,23:40:00,12,22.4,38.9
2016-01-14,23:50:00,41.8,22.3,43.8
2016-01-15,00:00:00,59.2,22.3,42.9
2016-01-15,00:10:00,70.1,21.8,43.0
2016-01-15,00:20:00,36.5,22.2,43.3
2016-01-15,00:30:00,43.6,22.1,46.4
2016-01-15,00:40:00,29.0,22.1,44.0
2016-01-15,00:50:00,65.4,21.9,42.4
2016-01-15,01:00:00,40.9,21.9,43.5
2016-01-15,01:10:00,30.2,21.7,42.2
2016-01-15,01:20:00,40.9,21.6,46.1
2016-01-15,01:30:00,50.8,21.7,46.2
2016-01-15,01:40:00,99.4,21.8,43.5
2016-01-15,01:50:00,62.1,21.8,42.7
2016-01-15,02:00:00,12,21.6,45.1
2016-01-15,02:10:00,47.8,21.4,45.8
2016-01-15,02:20:00,59.5,21.6,47.0
2016-01-15,02:30:00,37.0,21.5,47.4
2016-01-15,02:40:00,53.1,21.4,46.3
2016-01-15,02:50:00,47.8,21.3,46.0
2016-01-15,03:00:00,32.3,21.1,43.7
2016-01-15,03:10:00,51.2,21.3,45.6
2016-01-15,03:20:00,45.0,21.1,44.4
2016-01-15,03:30:00,38.6,21.0,49.3
2016-01-15,03:40:00,51.3,21.2,46.3
2016-01-15,03:50:00,63.4,21.0,47.7
2016-01-15,04:00:00,33.2,20.9,48.3
2016-01-15,04:10:00,39.1,20.9,49.0
2016-01-15,04:20:00,55.3,20.5,46.7
2016-01-15,04:30:00,47.9,20.9,49.4
2016-01-15,04:40:00,63.7,20.5,47.4
2016-01-15,04:50:00,55.6,20.9,49.5
2016-01-15,05:00:00,351.5,20.7,49.8
2016-01-15,05:10:00,24.8,20.6,50.1
2016-01-15,05:20:00,58.5,20.6,50.1
2016-01-15,05:30:00,68.2,20.2,49.7
2016-01-15,05:40:00,84.8,20.3,50.3
2016-01-15,05:50:00,95.6,20.2,50.3
2016-01-15,06:00:00,75.8,20.4,50.4
2016-01-15,06:10:00,99.8,20.2,51.1
2016-01-15,06:20:00,66.8,20.2,50.9
2016-01-15,06:30:00,96.3,20.3,50.8
2016-01-15,06:40:00,88.2,20.2,49.9
2016-01-15,06:50:00,95.5,19.9,50.4
2016-01-15,07:00:00,96.2,20.1,48.7
2016-01-15,07:10:00,72.4,20.1,52.9
2016-01-15,07:20:00,128.3,19.8,49.9
2016-01-15,07:30:00,87.1,20.1,52.9
2016-01-15,07:40:00,82.6,20.0,49.2
2016-01-15,07:50:00,116.8,19.8,53.1
2016-01-15,08:00:00,357.8,19.9,53.8
2016-01-15,08:10:00,89.5,19.6,51.6
2016-01-15,08:20:00,382.8,20.0,52.1
2016-01-15,08:30:00,119.9,20.2,53.4
2016-01-15,08:40:00,61.1,20.0,49.0
2016-01-15,08:50:00,15.3,19.9,50.7
2016-01-15,09:00:00,63.0,20.2,50.8
2016-01-15,09:10:00,59.6,19.8,51.0
2016-01-15,09:20:00,79.1,20.2,51.0
2016-01-15,09:30:00,59.8,19.8,51.8
2016-01-15,09:40:00,54.6,19.9,53.7
2016-01-15,09:50:00,56.6,20.3,52.4
2016-01-15,10:00:00,77.7,19.9,51.8
2016-01-15,10:10:00,44.9,19.8,51.3
2016-01-15,10:20:00,89.7,19.9,49.8
2016-01-15,10:30:00,49.8,20.0,53.1
2016-01-15,10:40:00,70.3,20.0,50.6
2016-01-15,10:50:00,50.3,19.8,51.0
2016-01-15,11:00:00,37.1,20.3,51.8
2016-01-15,11:10:00,47.7,20.3,52.9
2016-01-15,11:20:00,33.3,20.4,49.9
2016-01-15,11:30:00,55.9,20.3,50.2
2016-01-15,11:40:00,62.1,20.3,50.8
2016-01-15,11:50:00,29.4,20.4,51.0
2016-01-15,12:00:00,80.6,20.7,47.9
2016-01-15,12:10:00,33.2,20.3,50.2
2016-01-15,12:20:00,48.8,20.4,47.6
2016-01-15,12:30:00,41.9,20.1,50.9
2016-01-15,12:40:00,59.8,20.3,50.7
2016-01-15,12:50:00,75.6,20.7,50.7
2016-01-15,13:00:00,42.4,20.3,50.9
2016-01-15,13:10:00,46.8,20.2,49.8
2016-01-15,13:20:00,38.4,20.6,50.4
2016-01-15,13:30:00,47.4,20.9,47.3
2016-01-15,13:40:00,44.0,20.8,47.6
2016-01-15,13:50:00,61.8,21.1,48.3
2016-01-15,14:00:00,70.1,21.0,49.1
2016-01-15,14:10:00,54.9,20.9,47.8
2016-01-15,14:20:00,61.4,20.8,48.2
2016-01-15,14:30:00,46.4,21.1,47.8
2016-01-15,14:40:00,58.6,21.4,44.6
2016-01-15,14:50:00,76.3,20.8,46.6
2016-01-15,15:00:00,58.9,21.1,46.2
2016-01-15,15:10:00,51.4,20.8,47.9
2016-01-15,15:20:00,55.7,21.1,46.7
2016-01-15,15:30:00,49.4,21.3,42.4
2016-01-15,15:40:00,47.8,21.2,46.3
2016-01-15,15:50:00,70.4,21.8,45.7
2016-01-15,16:00:00,48.5,21.2,43.7
2016-01-15,16:10:00,68.2,21.8,46.9
2016-01-15,16:20:00,56.7,21.8,45.3
2016-01-15,16:30:00,43.8,21.6,47.7
2016-01-15,16:40:00,45.4,21.8,45.4
2016-01-15,16:50:00,40.8,21.7,45.0
2016-01-15,17:00:00,54.7,21.7,43.5
2016-01-15,17:10:00,74.6,21.7,43.0
2016-01-15,17:20:00,92.2,21.9,43.5
2016-01-15,17:30:00,111.0,22.0,44.8
2016-01-15,17:40:00,86.2,21.9,42.0
2016-01-15,17:50:00,82.5,22.1,43.6
2016-01-15,18:00:00,81.7,21.7,41.0
2016-01-15,18:10:00,98.8,22.3,44.2
2016-01-15,18:20:00,110.1,22.2,42.0
2016-01-15,18:30:00,125.6,22.0,43.9
2016-01-15,18:40:00,75.2,22.3,44.6
2016-01-15,18:50:00,86.0,22.2,41.4
2016-01-15,19:00:00,312.4,22.2,42.5
2016-01-15,19:10:00,140.4,22.2,42.1
2016-01-15,19:20:00,142.6,22.1,44.7
2016-01-15,19:30:00,111.8,22.5,42.0
2016-01-15,19:40:00,276.5,22.6,45.6
2016-01-15,19:50:00,119.4,22.6,42.4
2016-01-15,20:00:00,106.5,22.1,43.3
2016-01-15,20:10:00,131.0,22.4,42.1
2016-01-15,20:20:00,105.4,22.5,40.1
2016-01-15,20:30:00,126.1,22.4,43.8
2016-01-15,20:40:00,70.3,22.7,43.0
2016-01-15,20:50:00,156.5,22.1,43.3
2016-01-15,21:00:00,59.2,22.6,40.6
2016-01-15,21:10:00,107.9,22.3,41.4
2016-01-15,21:20:00,56.6,22.1,41.2
2016-01-15,21:30:00,94.8,22.5,42.7
2016-01-15,21:40:00,59.1,22.7,44.1
2016-01-15,21:50:00,61.5,22.6,41.7
2016-01-15,22:00:00,66.9,22.5,44.8
2016-01-15,22:10:00,57.6,22.5,42.5
2016-01-15,22:20:00,84.9,22.2,41.7
2016-01-15,22:30:00,96.0,22.4,43.0
2016-01-15,22:40:00,98.2,22.4,43.8
2016-01-15,22:50:00,68.0,22.1,44.4
2016-01-15,23:00:00,39.1,22.2,44.1
2016-01-15,23:10:00,52.6,22.2,41.5
2016-01-15,23:20:00,50.4,22.3,42.6
2016-01-15,23:30:00,60.9,22.1,43.3
2016-01-15,23:40:00,46.8,22.0,43.4
2016-01-15,23:50:00,42.3,21.9,43.3
2016-01-16,00:00:00,58.0,22.0,44.7
2016-01-16,00:10:00,79.2,22.0,47.7
2016-01-16,00:20:00,68.5,21.6,44.3
2016-01-16,00:30:00,47.3,21.7,41.5
2016-01-16,00:40:00,36.8,21.6,45.8
2016-01-16,00:50:00,48.1,21.8,45.3
2016-01-16,01:00:00,61.8,21.6,44.9
2016-01-16,01:10:00,57.4,21.9,46.0
2016-01-16,01:20:00,12,21.5,43.3
2016-01-16,01:30:00,21.6,21.2,44.7
2016-01-16,01:40:00,59.9,21.6,43.2
2016-01-16,01:50:00,54.1,21.6,45.1
2016-01-16,02:00:00,75.9,21.6,44.4
2016-01-16,02:10:00,54.0,21.5,46.1
2016-01-16,02:20:00,94.5,21.2,47.9
2016-01-16,02:30:00,20.2,21.2,48.7
2016-01-16,02:40:00,86.7,21.2,44.9
2016-01-16,02:50:00,30.1,21.3,47.0
2016-01-16,03:00:00,72.2,21.3,45.9
2016-01-16,03:10:00,51.2,21.1,46.4
2016-01-16,03:20:00,71.4,20.8,46.5
2016-01-16,03:30:00,40.4,21.2,45.8
2016-01-16,03:40:00,51.6,20.8,47.1
2016-01-16,03:50:00,49.1,20.7,48.8
2016-01-16,04:00:00,58.4,21.1,48.2
2016-01-16,04:10:00,51.0,20.6,48.2
2016-01-16,04:20:00,79.0,20.5,47.8
2016-01-16,04:30:00,26.1,20.5,48.5
2016-01-16,04:40:00,49.9,20.5,49.8
2016-01-16,04:50:00,75.7,20.6,48.5
2016-01-16,05:00:00,62.3,20.7,51.5
2016-01-16,05:10:00,62.8,20.4,51.5
2016-01-16,05:20:00,26.4,20.3,48.7
2016-01-16,05:30:00,25.7,20.0,49.1
2016-01-16,05:40:00,42.9,20.3,50.6
2016-01-16,05:50:00,86.6,20.3,51.5
2016-01-16,06:00:00,77.8,20.0,49.1
2016-01-16,06:10:00,289.4,20.1,50.6
2016-01-16,06:20:00,56.5,20.3,50.8
2016-01-16,06:30:00,102.5,20.3,49.0
2016-01-16,06:40:00,57.2,20.1,50.7
2016-01-16,06:50:00,98.4,20.1,50.0
2016-01-16,07:00:00,95.4,20.2,51.4
2016-01-16,07:10:00,85.2,19.7,52.0
2016-01-16,07:20:00,384.6,19.5,47.1
2016-01-16,07:30:00,96.8,20.1,50.5
2016-01-16,07:40:00,128.1,19.7,50.8
2016-01-16,07:50:00,87.9,19.7,51.1
2016-01-16,08:00:00,110.2,20.0,54.6
2016-01-16,08:10:00,92.7,19.7,52.4
2016-01-16,08:20:00,128.4,19.5,49.8
2016-01-16,08:30:00,79.8,19.5,50.7
2016-01-16,08:40:00,71.3,19.8,49.7
2016-01-16,08:50:00,82.7,19.6,50.8
2016-01-16,09:00:00,46.2,20.0,50.9
2016-01-16,09:10:00,78.1,19.5,50.5
2016-01-16,09:20:00,65.2,20.3,51.9
2016-01-16,09:30:00,42.6,19.6,52.9
2016-01-16,09:40:00,61.0,19.9,50.8
2016-01-16,09:50:00,66.6,19.7,50.5
2016-01-16,10:00:00,53.8,19.8,50.7
2016-01-16,10:10:00,238.8,19.9,53.6
2016-01-16,10:20:00,87.7,19.7,51.8
2016-01-16,10:30:00,41.7,20.0,50.8
2016-01-16,10:40:00,45.1,19.7,50.9
2016-01-16,10:50:00,91.6,19.7,51.5
2016-01-16,11:00:00,55.0,19.9,51.5
2016-01-16,11:10:00,65.2,19.8,53.3
2016-01-16,11:20:00,64.8,20.0,48.8
2016-01-16,11:30:00,87.8,19.9,51.9
2016-01-16,11:40:00,332.1,20.0,49.8
2016-01-16,11:50:00,86.1,20.2,52.2
2016-01-16,12:00:00,45.4,19.8,51.9
2016-01-16,12:10:00,69.7,19.8,48.8
2016-01-16,12:20:00,56.6,20.2,52.0
2016-01-16,12:30:00,77.8,20.3,49.8
2016-01-16,12:40:00,68.5,20.4,49.9
2016-01-16,12:50:00,71.2,20.2,49.5
2016-01-16,13:00:00,48.4,20.3,51.7
2016-01-16,13:10:00,67.2,20.3,49.9
2016-01-16,13:20:00,58.2,20.5,48.3
2016-01-16,13:30:00,64.7,20.2,49.0
2016-01-16,13:40:00,61.1,20.4,51.4
2016-01-16,13:50:00,77.7,20.7,46.4
2016-01-16,14:00:00,50.4,20.8,48.7
2016-01-16,14:10:00,62.3,20.6,50.6
2016-01-16,14:20:00,68.3,20.4,46.6
2016-01-16,14:30:00,77.0,20.9,49.4
2016-01-16,14:40:00,124.5,20.7,46.7
2016-01-16,14:50:00,31.8,20.9,47.2
2016-01-16,15:00:00,59.7,21.2,47.1
2016-01-16,15:10:00,38.0,21.0,45.7
2016-01-16,15:20:00,73.1,21.0,48.3
2016-01-16,15:30:00,90.0,21.3,49.2
2016-01-16,15:40:00,97.7,21.2,46.5
2016-01-16,15:50:00,19.5,21.2,46.6
2016-01-16,16:00:00,76.3,21.2,45.4
2016-01-16,16:10:00,59.6,21.2,44.1
2016-01-16,16:20:00,49.1,21.5,45.9
2016-01-16,16:30:00,48.7,21.2,42.9
2016-01-16,16:40:00,79.0,21.5,44.4
2016-01-16,16:50:00,47.8,21.4,43.4
2016-01-16,17:00:00,267.6,21.6,43.6
2016-01-16,17:10:00,80.5,21.7,44.4
2016-01-16,17:20:00,107.0,21.4,43.6
2016-01-16,17:30:00,68.2,21.7,46.2
2016-01-16,17:40:00,65.1,21.7,45.8
2016-01-16,17:50:00,109.9,21.9,43.5
2016-01-16,18:00:00,90.6,21.9,45.5
2016-01-16,18:10:00,133.2,21.8,42.5
2016-01-16,18:20:00,82.5,21.8,44.0
2016-01-16,18:30:00,110.1,21.8,44.8
2016-01-16,18:40:00,110.1,22.3,42.5
2016-01-16,18:50:00,143.1,21.8,46.1
2016-01-16,19:00:00,138.9,22.0,45.7
2016-01-16,19:10:00,114.3,22.3,43.5
2016-01-16,19:20:00,117.7,22.2,43.2
2016-01-16,19:30:00,107.5,22.2,42.4
2016-01-16,19:40:00,106.1,21.9,40.8
2016-01-16,19:50:00,119.0,22.0,42.4
2016-01-16,20:00:00,112.2,22.1,43.4
2016-01-16,20:10:00,122.0,22.2,40.6
2016-01-16,20:20:00,144.2,22.1,41.7
2016-01-16,20:30:00,120.5,22.1,43.5
2016-01-16,20:40:00,101.9,22.1,41.2
2016-01-16,20:50:00,115.0,22.0,42.0
2016-01-16,21:00:00,77.8,22.0,39.1
2016-01-16,21:10:00,111.7,22.7,41.8
2016-01-16,21:20:00,77.9,21.8,42.9
2016-01-16,21:30:00,258.0,22.4,43.8
2016-01-16,21:40:00,80.0,22.2,42.1
2016-01-16,21:50:00,16.9,22.1,43.5
2016-01-16,22:00:00,70.4,22.4,42.8
2016-01-16,22:10:00,58.4,22.2,42.7
2016-01-16,22:20:00,73.6,22.5,42.7
2016-01-16,22:30:00,84.0,22.1,43.2
2016-01-16,22:40:00,70.2,22.2,43.3
2016-01-16,22:50:00,31.7,22.1,43.4
2016-01-16,23:00:00,39.1,22.1,40.5
2016-01-16,23:10:00,43.7,22.0,42.6
2016-01-16,23:20:00,52.4,22.1,42.5
2016-01-16,23:30:00,58.1,22.0,44.2
2016-01-16,23:40:00,26.5,22.0,41.2
2016-01-16,23:50:00,34.5,21.8,43.3
2016-01-17,00:00:00,34.4,21.8,46.4
2016-01-17,00:10:00,12,22.2,41.9
2016-01-17,00:20:00,12,22.0,44.6
2016-01-17,00:30:00,20.5,21.6,46.1
2016-01-17,00:40:00,84.2,21.9,43.0
2016-01-17,00:50:00,29.8,21.5,44.9
2016-01-17,01:00:00,67.1,21.7,44.2
2016-01-17,01:10:00,91.5,21.7,46.3
2016-01-17,01:20:00,86.2,21.3,45.4
2016-01-17,01:30:00,42.1,21.5,42.7
2016-01-17,01:40:00,55.8,21.2,45.9
2016-01-17,01:50:00,61.3,21.2,46.9
2016-01-17,02:00:00,68.7,21.3,47.1
2016-01-17,02:10:00,42.6,21.2,45.2
2016-01-17,02:20:00,79.8,21.2,46.0
2016-01-17,02:30:00,74.3,21.3,45.8
2016-01-17,02:40:00,18.1,21.4,49.3
2016-01-17,02:50:00,56.6,21.0,47.0
2016-01-17,03:00:00,23.3,20.9,48.5
2016-01-17,03:10:00,62.1,21.1,48.0
2016-01-17,03:20:00,58.0,20.8,49.6
2016-01-17,03:30:00,49.1,20.8,49.4
2016-01-17,03:40:00,28.0,20.6,47.9
2016-01-17,03:50:00,32.6,20.5,46.3
2016-01-17,04:00:00,72.3,20.7,49.3
2016-01-17,04:10:00,61.9,20.4,49.4
2016-01-17,04:20:00,73.2,20.7,50.7
2016-01-17,04:30:00,21.5,20.5,49.3
2016-01-17,04:40:00,69.1,20.5,48.1
2016-01-17,04:50:00,28.1,20.6,50.5
2016-01-17,05:00:00,58.8,20.4,50.4
2016-01-17,05:10:00,18.4,20.6,51.8
2016-01-17,05:20:00,58.0,20.4,47.3
2016-01-17,05:30:00,49.2,20.1,50.4
2016-01-17,05:40:00,34.1,19.8,47.7
2016-01-17,05:50:00,48.0,20.1,50.4
2016-01-17,06:00:00,94.9,19.9,50.4
2016-01-17,06:10:00,48.6,20.3,50.8
2016-01-17,06:20:00,53.0,19.7,50.1
2016-01-17,06:30:00,48.5,19.9,52.1
2016-01-17,06:40:00,100.7,19.8,44.9
2016-01-17,06:50:00,80.7,19.5,52.8
2016-01-17,07:00:00,64.0,19.8,53.1
2016-01-17,07:10:00,112.4,19.7,51.2
2016-01-17,07:20:00,125.6,19.9,54.2
2016-01-17,07:30:00,80.8,19.7,53.2
2016-01-17,07:40:00,100.8,19.6,51.2
2016-01-17,07:50:00,106.9,19.9,53.8
2016-01-17,08:00:00,120.5,19.6,51.1
2016-01-17,08:10:00,86.9,19.4,51.5
2016-01-17,08:20:00,81.7,20.1,53.0
2016-01-17,08:30:00,81.6,19.8,51.2
2016-01-17,08:40:00,103.7,19.3,53.1
2016-01-17,08:50:00,82.1,19.5,53.8
2016-01-17,09:00:00,49.3,19.7,49.6
2016-01-17,09:10:00,59.9,19.4,52.3
2016-01-17,09:20:00,77.6,19.5,51.3
2016-01-17,09:30:00,55.9,19.5,50.5
2016-01-17,09:40:00,78.9,20.0,52.0
2016-01-17,09:50:00,64.6,19.6,53.9
2016-01-17,10:00:00,56.5,20.0,49.8
2016-01-17,10:10:00,67.6,20.1,52.4
2016-01-17,10:20:00,58.0,19.8,54.7
2016-01-17,10:30:00,75.5,19.7,52.2
2016-01-17,10:40:00,73.0,20.0,51.5
2016-01-17,10:50:00,20.9,19.8,49.6
2016-01-17,11:00:00,62.6,19.7,51.1
2016-01-17,11:10:00,53.2,19.9,51.0
2016-01-17,11:20:00,32.5,20.0,50.8
2016-01-17,11:30:00,59.8,19.6,51.7
2016-01-17,11:40:00,25.2,19.7,53.1
2016-01-17,11:50:00,59.6,20.1,52.6
2016-01-17,12:00:00,58.9,20.1,51.1
2016-01-17,12:10:00,22.5,20.1,52.2
2016-01-17,12:20:00,12,20.2,49.9
2016-01-17,12:30:00,58.4,19.8,49.9
2016-01-17,12:40:00,105.6,20.3,50.4
2016-01-17,12:50:00,35.7,20.0,51.9
2016-01-17,13:00:00,55.5,20.4,49.9
2016-01-17,13:10:00,33.0,20.3,48.6
2016-01-17,13:20:00,322.1,20.1,48.9
2016-01-17,13:30:00,43.8,20.1,48.9
2016-01-17,13:40:00,86.2,20.7,51.5
2016-01-17,13:50:00,45.9,20.5,48.6
2016-01-17,14:00:00,88.4,20.6,47.5
2016-01-17,14:10:00,117.0,20.8,48.2
2016-01-17,14:20:00,104.4,20.6,46.4
2016-01-17,14:30:00,47.3,20.7,49.1
2016-01-17,14:40:00,39.4,20.6,44.9
2016-01-17,14:50:00,55.8,21.0,48.4
2016-01-17,15:00:00,94.6,20.9,46.5
2016-01-17,15:10:00,69.1,20.8,46.2
2016-01-17,15:20:00,72.4,21.1,47.3
2016-01-17,15:30:00,69.0,21.0,46.6
2016-01-17,15:40:00,86.2,21.2,48.1
2016-01-17,15:50:00,78.0,21.1,46.9
2016-01-17,16:00:00,267.6,21.5,43.6
2016-01-17,16:10:00,39.2,21.4,46.6
2016-01-17,16:20:00,47.0,21.2,44.2
2016-01-17,16:30:00,60.0,21.1,45.7
2016-01-17,16:40:00,54.4,21.5,46.0
2016-01-17,16:50:00,105.9,21.6,45.6
2016-01-17,17:00:00,86.4,21.3,47.9
2016-01-17,17:10:00,92.9,21.8,43.2
2016-01-17,17:20:00,42.8,21.5,43.1
2016-01-17,17:30:00,424.1,21.5,44.3
2016-01-17,17:40:00,88.6,21.7,43.8
2016-01-17,17:50:00,98.6,21.9,43.9
2016-01-17,18:00:00,100.4,21.6,45.6
2016-01-17,18:10:00,80.8,21.8,42.2
2016-01-17,18:20:00,91.8,21.6,43.6
2016-01-17,18:30:00,140.4,22.2,40.5
2016-01-17,18:40:00,120.0,21.7,45.6
2016-01-17,18:50:00,151.9,22.1,41.8
2016-01-17,19:00:00,114.7,22.1,45.2
2016-01-17,19:10:00,132.5,22.0,44.5
2016-01-17,19:20:00,125.7,22.1,42.1
2016-01-17,19:30:00,98.7,21.9,41.3
2016-01-17,19:40:00,113.8,21.8,41.6
2016-01-17,19:50:00,110.6,21.9,42.9
2016-01-17,20:00:00,130.0,22.1,40.6
2016-01-17,20:10:00,144.0,22.2,41.2
2016-01-17,20:20:00,138.1,22.2,40.3
2016-01-17,20:30:00,101.6,22.1,43.2
2016-01-17,20:40:00,90.3,22.1,43.9
2016-01-17,20:50:00,83.7,21.9,42.4
2016-01-17,21:00:00,94.4,22.0,41.1
2016-01-17,21:10:00,106.4,21.9,40.2
2016-01-17,21:20:00,96.0,22.0,43.0
2016-01-17,21:30:00,246.2,22.3,41.2
2016-01-17,21:40:00,112.6,21.8,39.6
2016-01-17,21:50:00,67.4,22.2,43.0
2016-01-17,22:00:00,87.3,22.1,39.1
2016-01-17,22:10:00,76.4,22.0,41.8
2016-01-17,22:20:00,62.1,21.9,41.6
2016-01-17,22:30:00,68.6,22.1,42.3
